A0,A1,A2,A3,A4,A5,A6,A7,A8,A9,A10,A11,A12,A13,A14,A15,A16,A17,A18,A19,Val,Target
0.0,0.0,0.0,0.0,0.0,0.0,0.0,0.0,0.0,0.5893444920871852,0.4106555079128148,0.0,0.0,0.0,0.0,0.0,0.0,0.0,0.0,0.0,4811.545,4900.785
0.0,0.0,0.0,0.0,0.0,0.0,0.0,0.0,0.0,0.09097575059670367,0.9090242494032963,0.0,0.0,0.0,0.0,0.0,0.0,0.0,0.0,0.0,4900.785,5098.725
0.0,0.0,0.0,0.0,0.0,0.0,0.0,0.0,0.0,0.0,0.0,0.9855621615040725,0.014437838495927523,0.0,0.0,0.0,0.0,0.0,0.0,0.0,5098.725,5208.03
0.0,0.0,0.0,0.0,0.0,0.0,0.0,0.0,0.0,0.0,0.0,0.3751386374272358,0.6248613625727643,0.0,0.0,0.0,0.0,0.0,0.0,0.0,5208.03,5278.64
0.0,0.0,0.0,0.0,0.0,0.0,0.0,0.0,0.0,0.0,0.0,0.0,0.9808107930004846,0.01918920699951542,0.0,0.0,0.0,0.0,0.0,0.0,5278.64,5291.31
0.0,0.0,0.0,0.0,0.0,0.0,0.0,0.0,0.0,0.0,0.0,0.0,0.9100540476544016,0.08994595234559848,0.0,0.0,0.0,0.0,0.0,0.0,5291.31,5413.485
0.0,0.0,0.0,0.0,0.0,0.0,0.0,0.0,0.0,0.0,0.0,0.0,0.22775686038860854,0.7722431396113915,0.0,0.0,0.0,0.0,0.0,0.0,5413.485,5439.77
0.0,0.0,0.0,0.0,0.0,0.0,0.0,0.0,0.0,0.0,0.0,0.0,0.0809659328888582,0.9190340671111418,0.0,0.0,0.0,0.0,0.0,0.0,5439.77,5355.99
0.0,0.0,0.0,0.0,0.0,0.0,0.0,0.0,0.0,0.0,0.0,0.0,0.5488428172688781,0.451157182731122,0.0,0.0,0.0,0.0,0.0,0.0,5355.99,5317.66
0.0,0.0,0.0,0.0,0.0,0.0,0.0,0.0,0.0,0.0,0.0,0.0,0.7629001218557244,0.23709987814427563,0.0,0.0,0.0,0.0,0.0,0.0,5317.66,5532.84
0.0,0.0,0.0,0.0,0.0,0.0,0.0,0.0,0.0,0.0,0.0,0.0,0.0,0.5612082147073355,0.4387917852926645,0.0,0.0,0.0,0.0,0.0,5532.84,5728.89
0.0,0.0,0.0,0.0,0.0,0.0,0.0,0.0,0.0,0.0,0.0,0.0,0.0,0.0,0.4663494992298677,0.5336505007701323,0.0,0.0,0.0,0.0,5728.89,5813.51
0.0,0.0,0.0,0.0,0.0,0.0,0.0,0.0,0.0,0.0,0.0,0.0,0.0,0.0,0.0,0.9937815599097803,0.006218440090219683,0.0,0.0,0.0,5813.51,5806.87
0.0,0.0,0.0,0.0,0.0,0.0,0.0,0.0,0.0,0.0,0.0,0.0,0.0,0.0,0.03086323229320668,0.9691367677067934,0.0,0.0,0.0,0.0,5806.87,5685.185
0.0,0.0,0.0,0.0,0.0,0.0,0.0,0.0,0.0,0.0,0.0,0.0,0.0,0.0,0.710423970843959,0.28957602915604097,0.0,0.0,0.0,0.0,5685.185,5907.16
0.0,0.0,0.0,0.0,0.0,0.0,0.0,0.0,0.0,0.0,0.0,0.0,0.0,0.0,0.0,0.47078477998392276,0.5292152200160772,0.0,0.0,0.0,5907.16,5913.02
0.0,0.0,0.0,0.0,0.0,0.0,0.0,0.0,0.0,0.0,0.0,0.0,0.0,0.0,0.0,0.4380590871877045,0.5619409128122955,0.0,0.0,0.0,5913.02,6030.94
0.0,0.0,0.0,0.0,0.0,0.0,0.0,0.0,0.0,0.0,0.0,0.0,0.0,0.0,0.0,0.0,0.7795243270290614,0.22047567297093856,0.0,0.0,6030.94,5940.11
0.0,0.0,0.0,0.0,0.0,0.0,0.0,0.0,0.0,0.0,0.0,0.0,0.0,0.0,0.0,0.2867725653703939,0.7132274346296061,0.0,0.0,0.0,5940.11,5935.525
0.0,0.0,0.0,0.0,0.0,0.0,0.0,0.0,0.0,0.0,0.0,0.0,0.0,0.0,0.0,0.31237790691828593,0.6876220930817141,0.0,0.0,0.0,5935.525,5733.395
0.0,0.0,0.0,0.0,0.0,0.0,0.0,0.0,0.0,0.0,0.0,0.0,0.0,0.0,0.441190924819125,0.5588090751808751,0.0,0.0,0.0,0.0,5733.395,5708.5
0.0,0.0,0.0,0.0,0.0,0.0,0.0,0.0,0.0,0.0,0.0,0.0,0.0,0.0,0.5802192733108975,0.41978072668910243,0.0,0.0,0.0,0.0,5708.5,5817.925
0.0,0.0,0.0,0.0,0.0,0.0,0.0,0.0,0.0,0.0,0.0,0.0,0.0,0.0,0.0,0.9691255985283318,0.030874401471668173,0.0,0.0,0.0,5817.925,5844.975
0.0,0.0,0.0,0.0,0.0,0.0,0.0,0.0,0.0,0.0,0.0,0.0,0.0,0.0,0.0,0.8180624602795908,0.18193753972040919,0.0,0.0,0.0,5844.975,5972.56
0.0,0.0,0.0,0.0,0.0,0.0,0.0,0.0,0.0,0.0,0.0,0.0,0.0,0.0,0.0,0.10555264536404556,0.8944473546359545,0.0,0.0,0.0,5972.56,5989.165
0.0,0.0,0.0,0.0,0.0,0.0,0.0,0.0,0.0,0.0,0.0,0.0,0.0,0.0,0.0,0.012820541459414801,0.9871794585405852,0.0,0.0,0.0,5989.165,6024.65
0.0,0.0,0.0,0.0,0.0,0.0,0.0,0.0,0.0,0.0,0.0,0.0,0.0,0.0,0.0,0.0,0.8146513931874558,0.18534860681254414,0.0,0.0,6024.65,6097.925
0.0,0.0,0.0,0.0,0.0,0.0,0.0,0.0,0.0,0.0,0.0,0.0,0.0,0.0,0.0,0.0,0.4054406185044057,0.5945593814955943,0.0,0.0,6097.925,5918.68
0.0,0.0,0.0,0.0,0.0,0.0,0.0,0.0,0.0,0.0,0.0,0.0,0.0,0.0,0.0,0.4064503122343645,0.5935496877656354,0.0,0.0,0.0,5918.68,6014.485
0.0,0.0,0.0,0.0,0.0,0.0,0.0,0.0,0.0,0.0,0.0,0.0,0.0,0.0,0.0,0.0,0.8714187425515385,0.12858125744846147,0.0,0.0,6014.485,5910.46
0.0,0.0,0.0,0.0,0.0,0.0,0.0,0.0,0.0,0.0,0.0,0.0,0.0,0.0,0.0,0.45235563557649694,0.5476443644235031,0.0,0.0,0.0,5910.46,5809.51
0.0,0.0,0.0,0.0,0.0,0.0,0.0,0.0,0.0,0.0,0.0,0.0,0.0,0.0,0.016119916767264975,0.983880083232735,0.0,0.0,0.0,0.0,5809.51,5728.165
0.0,0.0,0.0,0.0,0.0,0.0,0.0,0.0,0.0,0.0,0.0,0.0,0.0,0.0,0.4703983264102888,0.5296016735897112,0.0,0.0,0.0,0.0,5728.165,5748.67
0.0,0.0,0.0,0.0,0.0,0.0,0.0,0.0,0.0,0.0,0.0,0.0,0.0,0.0,0.35588632456960745,0.6441136754303926,0.0,0.0,0.0,0.0,5748.67,5732.77
0.0,0.0,0.0,0.0,0.0,0.0,0.0,0.0,0.0,0.0,0.0,0.0,0.0,0.0,0.44468129307810694,0.5553187069218931,0.0,0.0,0.0,0.0,5732.77,5531.555
0.0,0.0,0.0,0.0,0.0,0.0,0.0,0.0,0.0,0.0,0.0,0.0,0.0,0.5683844118478016,0.43161558815219836,0.0,0.0,0.0,0.0,0.0,5531.555,5516.5
0.0,0.0,0.0,0.0,0.0,0.0,0.0,0.0,0.0,0.0,0.0,0.0,0.0,0.6524604024701611,0.3475395975298388,0.0,0.0,0.0,0.0,0.0,5516.5,5541.955
0.0,0.0,0.0,0.0,0.0,0.0,0.0,0.0,0.0,0.0,0.0,0.0,0.0,0.5103046840183436,0.48969531598165644,0.0,0.0,0.0,0.0,0.0,5541.955,5681.595
0.0,0.0,0.0,0.0,0.0,0.0,0.0,0.0,0.0,0.0,0.0,0.0,0.0,0.0,0.7304726461235523,0.2695273538764477,0.0,0.0,0.0,0.0,5681.595,5764.775
0.0,0.0,0.0,0.0,0.0,0.0,0.0,0.0,0.0,0.0,0.0,0.0,0.0,0.0,0.2659465152721623,0.7340534847278377,0.0,0.0,0.0,0.0,5764.775,5746.005
0.0,0.0,0.0,0.0,0.0,0.0,0.0,0.0,0.0,0.0,0.0,0.0,0.0,0.0,0.3707692548259064,0.6292307451740936,0.0,0.0,0.0,0.0,5746.005,5657.685
0.0,0.0,0.0,0.0,0.0,0.0,0.0,0.0,0.0,0.0,0.0,0.0,0.0,0.0,0.8640001742391661,0.13599982576083397,0.0,0.0,0.0,0.0,5657.685,5585.945
0.0,0.0,0.0,0.0,0.0,0.0,0.0,0.0,0.0,0.0,0.0,0.0,0.0,0.26463860447815724,0.7353613955218428,0.0,0.0,0.0,0.0,0.0,5585.945,5572.71
0.0,0.0,0.0,0.0,0.0,0.0,0.0,0.0,0.0,0.0,0.0,0.0,0.0,0.3385506427303578,0.6614493572696422,0.0,0.0,0.0,0.0,0.0,5572.71,5672.89
0.0,0.0,0.0,0.0,0.0,0.0,0.0,0.0,0.0,0.0,0.0,0.0,0.0,0.0,0.7790864952346529,0.2209135047653471,0.0,0.0,0.0,0.0,5672.89,5673.835
0.0,0.0,0.0,0.0,0.0,0.0,0.0,0.0,0.0,0.0,0.0,0.0,0.0,0.0,0.7738090584270738,0.22619094157292624,0.0,0.0,0.0,0.0,5673.835,5797.935
0.0,0.0,0.0,0.0,0.0,0.0,0.0,0.0,0.0,0.0,0.0,0.0,0.0,0.0,0.0807615369236102,0.9192384630763898,0.0,0.0,0.0,0.0,5797.935,5710.25
0.0,0.0,0.0,0.0,0.0,0.0,0.0,0.0,0.0,0.0,0.0,0.0,0.0,0.0,0.570446242185748,0.429553757814252,0.0,0.0,0.0,0.0,5710.25,5670.755
0.0,0.0,0.0,0.0,0.0,0.0,0.0,0.0,0.0,0.0,0.0,0.0,0.0,0.0,0.7910095932073365,0.20899040679266345,0.0,0.0,0.0,0.0,5670.755,5643.245
0.0,0.0,0.0,0.0,0.0,0.0,0.0,0.0,0.0,0.0,0.0,0.0,0.0,0.0,0.9446416424946885,0.05535835750531149,0.0,0.0,0.0,0.0,5643.245,5691.59
0.0,0.0,0.0,0.0,0.0,0.0,0.0,0.0,0.0,0.0,0.0,0.0,0.0,0.0,0.6746546769259131,0.32534532307408687,0.0,0.0,0.0,0.0,5691.59,5813.23
0.0,0.0,0.0,0.0,0.0,0.0,0.0,0.0,0.0,0.0,0.0,0.0,0.0,0.0,0.0,0.9953452448898079,0.0046547551101921,0.0,0.0,0.0,5813.23,5836.48
0.0,0.0,0.0,0.0,0.0,0.0,0.0,0.0,0.0,0.0,0.0,0.0,0.0,0.0,0.0,0.8655035456556783,0.13449645434432167,0.0,0.0,0.0,5836.48,5926.21
0.0,0.0,0.0,0.0,0.0,0.0,0.0,0.0,0.0,0.0,0.0,0.0,0.0,0.0,0.0,0.3643983554501511,0.6356016445498489,0.0,0.0,0.0,5926.21,5869.6
0.0,0.0,0.0,0.0,0.0,0.0,0.0,0.0,0.0,0.0,0.0,0.0,0.0,0.0,0.0,0.6805419508757009,0.31945804912429915,0.0,0.0,0.0,5869.6,5816.875
0.0,0.0,0.0,0.0,0.0,0.0,0.0,0.0,0.0,0.0,0.0,0.0,0.0,0.0,0.0,0.9749894172034226,0.025010582796577432,0.0,0.0,0.0,5816.875,5818.935
0.0,0.0,0.0,0.0,0.0,0.0,0.0,0.0,0.0,0.0,0.0,0.0,0.0,0.0,0.0,0.9634851634218158,0.036514836578184266,0.0,0.0,0.0,5818.935,5697.015
0.0,0.0,0.0,0.0,0.0,0.0,0.0,0.0,0.0,0.0,0.0,0.0,0.0,0.0,0.6443582804379485,0.3556417195620515,0.0,0.0,0.0,0.0,5697.015,5488.745
0.0,0.0,0.0,0.0,0.0,0.0,0.0,0.0,0.0,0.0,0.0,0.0,0.0,0.8074606761150335,0.19253932388496656,0.0,0.0,0.0,0.0,0.0,5488.745,5400.56
0.0,0.0,0.0,0.0,0.0,0.0,0.0,0.0,0.0,0.0,0.0,0.0,0.2999376759843518,0.7000623240156483,0.0,0.0,0.0,0.0,0.0,0.0,5400.56,5546.475
0.0,0.0,0.0,0.0,0.0,0.0,0.0,0.0,0.0,0.0,0.0,0.0,0.0,0.4850623407693835,0.5149376592306165,0.0,0.0,0.0,0.0,0.0,5546.475,5433.92
0.0,0.0,0.0,0.0,0.0,0.0,0.0,0.0,0.0,0.0,0.0,0.0,0.11363577979293155,0.8863642202070685,0.0,0.0,0.0,0.0,0.0,0.0,5433.92,5427.62
0.0,0.0,0.0,0.0,0.0,0.0,0.0,0.0,0.0,0.0,0.0,0.0,0.1488186918434709,0.8511813081565291,0.0,0.0,0.0,0.0,0.0,0.0,5427.62,5418.3
0.0,0.0,0.0,0.0,0.0,0.0,0.0,0.0,0.0,0.0,0.0,0.0,0.20086706332140852,0.7991329366785914,0.0,0.0,0.0,0.0,0.0,0.0,5418.3,5533.31
0.0,0.0,0.0,0.0,0.0,0.0,0.0,0.0,0.0,0.0,0.0,0.0,0.0,0.5585834577765797,0.44141654222342036,0.0,0.0,0.0,0.0,0.0,5533.31,5546.895
0.0,0.0,0.0,0.0,0.0,0.0,0.0,0.0,0.0,0.0,0.0,0.0,0.0,0.4827168132993472,0.5172831867006529,0.0,0.0,0.0,0.0,0.0,5546.895,5449.735
0.0,0.0,0.0,0.0,0.0,0.0,0.0,0.0,0.0,0.0,0.0,0.0,0.02531550136765381,0.9746844986323462,0.0,0.0,0.0,0.0,0.0,0.0,5449.735,5424.99
0.0,0.0,0.0,0.0,0.0,0.0,0.0,0.0,0.0,0.0,0.0,0.0,0.16350616147726768,0.8364938385227323,0.0,0.0,0.0,0.0,0.0,0.0,5424.99,5498.255
0.0,0.0,0.0,0.0,0.0,0.0,0.0,0.0,0.0,0.0,0.0,0.0,0.0,0.7543512326863625,0.24564876731363755,0.0,0.0,0.0,0.0,0.0,5498.255,5643.21
0.0,0.0,0.0,0.0,0.0,0.0,0.0,0.0,0.0,0.0,0.0,0.0,0.0,0.0,0.9448371031171907,0.055162896882809315,0.0,0.0,0.0,0.0,5643.21,5617.99
0.0,0.0,0.0,0.0,0.0,0.0,0.0,0.0,0.0,0.0,0.0,0.0,0.0,0.08568044310363288,0.9143195568963671,0.0,0.0,0.0,0.0,0.0,5617.99,5587.68
0.0,0.0,0.0,0.0,0.0,0.0,0.0,0.0,0.0,0.0,0.0,0.0,0.0,0.25494934219122006,0.74505065780878,0.0,0.0,0.0,0.0,0.0,5587.68,5606.055
0.0,0.0,0.0,0.0,0.0,0.0,0.0,0.0,0.0,0.0,0.0,0.0,0.0,0.1523325153771499,0.8476674846228501,0.0,0.0,0.0,0.0,0.0,5606.055,5551.16
0.0,0.0,0.0,0.0,0.0,0.0,0.0,0.0,0.0,0.0,0.0,0.0,0.0,0.4588985403000574,0.5411014596999426,0.0,0.0,0.0,0.0,0.0,5551.16,5505.085
0.0,0.0,0.0,0.0,0.0,0.0,0.0,0.0,0.0,0.0,0.0,0.0,0.0,0.7162084883522079,0.2837915116477922,0.0,0.0,0.0,0.0,0.0,5505.085,5462.68
0.0,0.0,0.0,0.0,0.0,0.0,0.0,0.0,0.0,0.0,0.0,0.0,0.0,0.9530229939876156,0.04697700601238437,0.0,0.0,0.0,0.0,0.0,5462.68,5420.735
0.0,0.0,0.0,0.0,0.0,0.0,0.0,0.0,0.0,0.0,0.0,0.0,0.18726858858441758,0.8127314114155824,0.0,0.0,0.0,0.0,0.0,0.0,5420.735,5384.785
0.0,0.0,0.0,0.0,0.0,0.0,0.0,0.0,0.0,0.0,0.0,0.0,0.38803457084105997,0.61196542915894,0.0,0.0,0.0,0.0,0.0,0.0,5384.785,5324.115
0.0,0.0,0.0,0.0,0.0,0.0,0.0,0.0,0.0,0.0,0.0,0.0,0.7268515984769589,0.2731484015230411,0.0,0.0,0.0,0.0,0.0,0.0,5324.115,5258.77
0.0,0.0,0.0,0.0,0.0,0.0,0.0,0.0,0.0,0.0,0.0,0.09177658069003901,0.908223419309961,0.0,0.0,0.0,0.0,0.0,0.0,0.0,5258.77,5207.34
0.0,0.0,0.0,0.0,0.0,0.0,0.0,0.0,0.0,0.0,0.0,0.37899200398514965,0.6210079960148503,0.0,0.0,0.0,0.0,0.0,0.0,0.0,5207.34,5166.345
0.0,0.0,0.0,0.0,0.0,0.0,0.0,0.0,0.0,0.0,0.0,0.607932238828295,0.39206776117170505,0.0,0.0,0.0,0.0,0.0,0.0,0.0,5166.345,5142.475
0.0,0.0,0.0,0.0,0.0,0.0,0.0,0.0,0.0,0.0,0.0,0.741236383375334,0.25876361662466596,0.0,0.0,0.0,0.0,0.0,0.0,0.0,5142.475,5178.105
0.0,0.0,0.0,0.0,0.0,0.0,0.0,0.0,0.0,0.0,0.0,0.5422574696672939,0.4577425303327061,0.0,0.0,0.0,0.0,0.0,0.0,0.0,5178.105,5176.625
0.0,0.0,0.0,0.0,0.0,0.0,0.0,0.0,0.0,0.0,0.0,0.5505226617045608,0.44947733829543923,0.0,0.0,0.0,0.0,0.0,0.0,0.0,5176.625,5114.87
0.0,0.0,0.0,0.0,0.0,0.0,0.0,0.0,0.0,0.0,0.0,0.8953989686380527,0.10460103136194733,0.0,0.0,0.0,0.0,0.0,0.0,0.0,5114.87,5133.195
0.0,0.0,0.0,0.0,0.0,0.0,0.0,0.0,0.0,0.0,0.0,0.7930613712847021,0.20693862871529792,0.0,0.0,0.0,0.0,0.0,0.0,0.0,5133.195,5137.745
0.0,0.0,0.0,0.0,0.0,0.0,0.0,0.0,0.0,0.0,0.0,0.7676514903593122,0.23234850964068773,0.0,0.0,0.0,0.0,0.0,0.0,0.0,5137.745,4990.97
0.0,0.0,0.0,0.0,0.0,0.0,0.0,0.0,0.0,0.0,0.5873295722986379,0.4126704277013621,0.0,0.0,0.0,0.0,0.0,0.0,0.0,0.0,4990.97,5011.05
0.0,0.0,0.0,0.0,0.0,0.0,0.0,0.0,0.0,0.0,0.47519102087406534,0.5248089791259346,0.0,0.0,0.0,0.0,0.0,0.0,0.0,0.0,5011.05,5086.715
0.0,0.0,0.0,0.0,0.0,0.0,0.0,0.0,0.0,0.0,0.052633077968671386,0.9473669220313287,0.0,0.0,0.0,0.0,0.0,0.0,0.0,0.0,5086.715,5209.42
0.0,0.0,0.0,0.0,0.0,0.0,0.0,0.0,0.0,0.0,0.0,0.367376058419258,0.632623941580742,0.0,0.0,0.0,0.0,0.0,0.0,0.0,5209.42,5197.545
0.0,0.0,0.0,0.0,0.0,0.0,0.0,0.0,0.0,0.0,0.0,0.4336930553399156,0.5663069446600844,0.0,0.0,0.0,0.0,0.0,0.0,0.0,5197.545,5107.265
0.0,0.0,0.0,0.0,0.0,0.0,0.0,0.0,0.0,0.0,0.0,0.9378697696133429,0.06213023038665707,0.0,0.0,0.0,0.0,0.0,0.0,0.0,5107.265,5130.555
0.0,0.0,0.0,0.0,0.0,0.0,0.0,0.0,0.0,0.0,0.0,0.8078046868106387,0.19219531318936128,0.0,0.0,0.0,0.0,0.0,0.0,0.0,5130.555,5076.315
0.0,0.0,0.0,0.0,0.0,0.0,0.0,0.0,0.0,0.0,0.11071280579813454,0.8892871942018654,0.0,0.0,0.0,0.0,0.0,0.0,0.0,0.0,5076.315,5053.42
0.0,0.0,0.0,0.0,0.0,0.0,0.0,0.0,0.0,0.0,0.23857197586115972,0.7614280241388403,0.0,0.0,0.0,0.0,0.0,0.0,0.0,0.0,5053.42,5043.875
0.0,0.0,0.0,0.0,0.0,0.0,0.0,0.0,0.0,0.0,0.2918768799123329,0.7081231200876671,0.0,0.0,0.0,0.0,0.0,0.0,0.0,0.0,5043.875,4978.56
0.0,0.0,0.0,0.0,0.0,0.0,0.0,0.0,0.0,0.0,0.6566343244489833,0.3433656755510167,0.0,0.0,0.0,0.0,0.0,0.0,0.0,0.0,4978.56,5028.28
0.0,0.0,0.0,0.0,0.0,0.0,0.0,0.0,0.0,0.0,0.37896854871045266,0.6210314512895474,0.0,0.0,0.0,0.0,0.0,0.0,0.0,0.0,5028.28,5181.8
0.0,0.0,0.0,0.0,0.0,0.0,0.0,0.0,0.0,0.0,0.0,0.521622412520189,0.478377587479811,0.0,0.0,0.0,0.0,0.0,0.0,0.0,5181.8,5151.885
0.0,0.0,0.0,0.0,0.0,0.0,0.0,0.0,0.0,0.0,0.0,0.6886853988681022,0.31131460113189785,0.0,0.0,0.0,0.0,0.0,0.0,0.0,5151.885,5244.545
0.0,0.0,0.0,0.0,0.0,0.0,0.0,0.0,0.0,0.0,0.0,0.17121736226447087,0.8287826377355292,0.0,0.0,0.0,0.0,0.0,0.0,0.0,5244.545,5234.87
0.0,0.0,0.0,0.0,0.0,0.0,0.0,0.0,0.0,0.0,0.0,0.2252482629135129,0.7747517370864871,0.0,0.0,0.0,0.0,0.0,0.0,0.0,5234.87,5271.715
0.0,0.0,0.0,0.0,0.0,0.0,0.0,0.0,0.0,0.0,0.0,0.01948407331000591,0.9805159266899941,0.0,0.0,0.0,0.0,0.0,0.0,0.0,5271.715,5261.87
0.0,0.0,0.0,0.0,0.0,0.0,0.0,0.0,0.0,0.0,0.0,0.07446435412549145,0.9255356458745085,0.0,0.0,0.0,0.0,0.0,0.0,0.0,5261.87,5146.01
0.0,0.0,0.0,0.0,0.0,0.0,0.0,0.0,0.0,0.0,0.0,0.7214948605025328,0.27850513949746725,0.0,0.0,0.0,0.0,0.0,0.0,0.0,5146.01,5119.715
0.0,0.0,0.0,0.0,0.0,0.0,0.0,0.0,0.0,0.0,0.0,0.868341633894423,0.13165836610557705,0.0,0.0,0.0,0.0,0.0,0.0,0.0,5119.715,5092.425
0.0,0.0,0.0,0.0,0.0,0.0,0.0,0.0,0.0,0.0,0.02074507355461183,0.9792549264453881,0.0,0.0,0.0,0.0,0.0,0.0,0.0,0.0,5092.425,5060.04
0.0,0.0,0.0,0.0,0.0,0.0,0.0,0.0,0.0,0.0,0.20160199526202321,0.7983980047379767,0.0,0.0,0.0,0.0,0.0,0.0,0.0,0.0,5060.04,5049.585
0.0,0.0,0.0,0.0,0.0,0.0,0.0,0.0,0.0,0.0,0.2599888754982733,0.7400111245017267,0.0,0.0,0.0,0.0,0.0,0.0,0.0,0.0,5049.585,5016.015
0.0,0.0,0.0,0.0,0.0,0.0,0.0,0.0,0.0,0.0,0.44746353542471173,0.5525364645752883,0.0,0.0,0.0,0.0,0.0,0.0,0.0,0.0,5016.015,4935.145
0.0,0.0,0.0,0.0,0.0,0.0,0.0,0.0,0.0,0.0,0.8990892651909071,0.10091073480909281,0.0,0.0,0.0,0.0,0.0,0.0,0.0,0.0,4935.145,4866.555
0.0,0.0,0.0,0.0,0.0,0.0,0.0,0.0,0.0,0.2821362394046262,0.7178637605953738,0.0,0.0,0.0,0.0,0.0,0.0,0.0,0.0,0.0,4866.555,4822.81
0.0,0.0,0.0,0.0,0.0,0.0,0.0,0.0,0.0,0.5264340945872922,0.4735659054127078,0.0,0.0,0.0,0.0,0.0,0.0,0.0,0.0,0.0,4822.81,4784.11
0.0,0.0,0.0,0.0,0.0,0.0,0.0,0.0,0.0,0.7425576971834603,0.2574423028165397,0.0,0.0,0.0,0.0,0.0,0.0,0.0,0.0,0.0,4784.11,4871.27
0.0,0.0,0.0,0.0,0.0,0.0,0.0,0.0,0.0,0.25580490125886535,0.7441950987411347,0.0,0.0,0.0,0.0,0.0,0.0,0.0,0.0,0.0,4871.27,4846.93
0.0,0.0,0.0,0.0,0.0,0.0,0.0,0.0,0.0,0.3917338027366603,0.6082661972633397,0.0,0.0,0.0,0.0,0.0,0.0,0.0,0.0,0.0,4846.93,4866.335
0.0,0.0,0.0,0.0,0.0,0.0,0.0,0.0,0.0,0.28336484903178927,0.7166351509682107,0.0,0.0,0.0,0.0,0.0,0.0,0.0,0.0,0.0,4866.335,4757.55
0.0,0.0,0.0,0.0,0.0,0.0,0.0,0.0,0.0,0.8908843867171556,0.10911561328284439,0.0,0.0,0.0,0.0,0.0,0.0,0.0,0.0,0.0,4757.55,4723.685
0.0,0.0,0.0,0.0,0.0,0.0,0.0,0.0,0.08000650046183388,0.9199934995381661,0.0,0.0,0.0,0.0,0.0,0.0,0.0,0.0,0.0,0.0,4723.685,4715.045
0.0,0.0,0.0,0.0,0.0,0.0,0.0,0.0,0.1282573512740026,0.8717426487259974,0.0,0.0,0.0,0.0,0.0,0.0,0.0,0.0,0.0,0.0,4715.045,4665.33
0.0,0.0,0.0,0.0,0.0,0.0,0.0,0.0,0.40589520406646584,0.5941047959335342,0.0,0.0,0.0,0.0,0.0,0.0,0.0,0.0,0.0,0.0,4665.33,4652.625
0.0,0.0,0.0,0.0,0.0,0.0,0.0,0.0,0.4768474100350511,0.523152589964949,0.0,0.0,0.0,0.0,0.0,0.0,0.0,0.0,0.0,0.0,4652.625,4576.63
0.0,0.0,0.0,0.0,0.0,0.0,0.0,0.0,0.9012482673811871,0.09875173261881286,0.0,0.0,0.0,0.0,0.0,0.0,0.0,0.0,0.0,0.0,4576.63,4600.265
0.0,0.0,0.0,0.0,0.0,0.0,0.0,0.0,0.7692565012995235,0.23074349870047656,0.0,0.0,0.0,0.0,0.0,0.0,0.0,0.0,0.0,0.0,4600.265,4599.21
0.0,0.0,0.0,0.0,0.0,0.0,0.0,0.0,0.7751482429206866,0.22485175707931335,0.0,0.0,0.0,0.0,0.0,0.0,0.0,0.0,0.0,0.0,4599.21,4407.88
0.0,0.0,0.0,0.0,0.0,0.0,0.0,0.8436476973063212,0.1563523026936788,0.0,0.0,0.0,0.0,0.0,0.0,0.0,0.0,0.0,0.0,0.0,4407.88,4356.295
0.0,0.0,0.0,0.0,0.0,0.0,0.13172873192965792,0.868271268070342,0.0,0.0,0.0,0.0,0.0,0.0,0.0,0.0,0.0,0.0,0.0,0.0,4356.295,4295.895
0.0,0.0,0.0,0.0,0.0,0.0,0.46903792047767423,0.5309620795223258,0.0,0.0,0.0,0.0,0.0,0.0,0.0,0.0,0.0,0.0,0.0,0.0,4295.895,4151.99
0.0,0.0,0.0,0.0,0.0,0.27268823137176035,0.7273117686282397,0.0,0.0,0.0,0.0,0.0,0.0,0.0,0.0,0.0,0.0,0.0,0.0,0.0,4151.99,4212.545
0.0,0.0,0.0,0.0,0.0,0.0,0.9345134314955128,0.06548656850448714,0.0,0.0,0.0,0.0,0.0,0.0,0.0,0.0,0.0,0.0,0.0,0.0,4212.545,4200.025
0.0,0.0,0.0,0.0,0.0,0.004432488459442273,0.9955675115405578,0.0,0.0,0.0,0.0,0.0,0.0,0.0,0.0,0.0,0.0,0.0,0.0,0.0,4200.025,4054.845
0.0,0.0,0.0,0.0,0.0,0.815203150601847,0.18479684939815294,0.0,0.0,0.0,0.0,0.0,0.0,0.0,0.0,0.0,0.0,0.0,0.0,0.0,4054.845,4082.735
0.0,0.0,0.0,0.0,0.0,0.6594489574130334,0.34055104258696656,0.0,0.0,0.0,0.0,0.0,0.0,0.0,0.0,0.0,0.0,0.0,0.0,0.0,4082.735,4204.25
0.0,0.0,0.0,0.0,0.0,0.0,0.980837599028722,0.01916240097127793,0.0,0.0,0.0,0.0,0.0,0.0,0.0,0.0,0.0,0.0,0.0,0.0,4204.25,4353.495
0.0,0.0,0.0,0.0,0.0,0.0,0.1473655817298982,0.8526344182701018,0.0,0.0,0.0,0.0,0.0,0.0,0.0,0.0,0.0,0.0,0.0,0.0,4353.495,4320.66
0.0,0.0,0.0,0.0,0.0,0.0,0.3307355685837756,0.6692644314162244,0.0,0.0,0.0,0.0,0.0,0.0,0.0,0.0,0.0,0.0,0.0,0.0,4320.66,4370.225
0.0,0.0,0.0,0.0,0.0,0.0,0.05393540417346598,0.946064595826534,0.0,0.0,0.0,0.0,0.0,0.0,0.0,0.0,0.0,0.0,0.0,0.0,4370.225,4434.925
0.0,0.0,0.0,0.0,0.0,0.0,0.0,0.6926124820036527,0.3073875179963474,0.0,0.0,0.0,0.0,0.0,0.0,0.0,0.0,0.0,0.0,0.0,4434.925,4533.85
0.0,0.0,0.0,0.0,0.0,0.0,0.0,0.14015699397198414,0.8598430060280159,0.0,0.0,0.0,0.0,0.0,0.0,0.0,0.0,0.0,0.0,0.0,4533.85,4489.395
0.0,0.0,0.0,0.0,0.0,0.0,0.0,0.38841990749685384,0.6115800925031462,0.0,0.0,0.0,0.0,0.0,0.0,0.0,0.0,0.0,0.0,0.0,4489.395,4396.78
0.0,0.0,0.0,0.0,0.0,0.0,0.0,0.9056366375858431,0.09436336241415685,0.0,0.0,0.0,0.0,0.0,0.0,0.0,0.0,0.0,0.0,0.0,4396.78,4464.27
0.0,0.0,0.0,0.0,0.0,0.0,0.0,0.5287327115079293,0.4712672884920706,0.0,0.0,0.0,0.0,0.0,0.0,0.0,0.0,0.0,0.0,0.0,4464.27,4483.155
0.0,0.0,0.0,0.0,0.0,0.0,0.0,0.4232677441945338,0.5767322558054662,0.0,0.0,0.0,0.0,0.0,0.0,0.0,0.0,0.0,0.0,0.0,4483.155,4442.77
0.0,0.0,0.0,0.0,0.0,0.0,0.0,0.6488013796169094,0.3511986203830906,0.0,0.0,0.0,0.0,0.0,0.0,0.0,0.0,0.0,0.0,0.0,4442.77,4514.01
0.0,0.0,0.0,0.0,0.0,0.0,0.0,0.2509552439851089,0.7490447560148912,0.0,0.0,0.0,0.0,0.0,0.0,0.0,0.0,0.0,0.0,0.0,4514.01,4556.475
0.0,0.0,0.0,0.0,0.0,0.0,0.0,0.013805662996836545,0.9861943370031635,0.0,0.0,0.0,0.0,0.0,0.0,0.0,0.0,0.0,0.0,0.0,4556.475,4623.505
0.0,0.0,0.0,0.0,0.0,0.0,0.0,0.0,0.6394706479575388,0.3605293520424612,0.0,0.0,0.0,0.0,0.0,0.0,0.0,0.0,0.0,0.0,4623.505,4671.41
0.0,0.0,0.0,0.0,0.0,0.0,0.0,0.0,0.37194090164308957,0.6280590983569104,0.0,0.0,0.0,0.0,0.0,0.0,0.0,0.0,0.0,0.0,4671.41,4671.02
0.0,0.0,0.0,0.0,0.0,0.0,0.0,0.0,0.3741188914366911,0.6258811085633089,0.0,0.0,0.0,0.0,0.0,0.0,0.0,0.0,0.0,0.0,4671.02,4557.935
0.0,0.0,0.0,0.0,0.0,0.0,0.0,0.005652162743854442,0.9943478372561455,0.0,0.0,0.0,0.0,0.0,0.0,0.0,0.0,0.0,0.0,0.0,4557.935,4547.675
0.0,0.0,0.0,0.0,0.0,0.0,0.0,0.06295004808330382,0.9370499519166962,0.0,0.0,0.0,0.0,0.0,0.0,0.0,0.0,0.0,0.0,0.0,4547.675,4529.24
0.0,0.0,0.0,0.0,0.0,0.0,0.0,0.16590195025023846,0.8340980497497615,0.0,0.0,0.0,0.0,0.0,0.0,0.0,0.0,0.0,0.0,0.0,4529.24,4471.445
0.0,0.0,0.0,0.0,0.0,0.0,0.0,0.48866328389482033,0.5113367161051796,0.0,0.0,0.0,0.0,0.0,0.0,0.0,0.0,0.0,0.0,0.0,4471.445,4366.88
0.0,0.0,0.0,0.0,0.0,0.0,0.07261585509553894,0.9273841449044611,0.0,0.0,0.0,0.0,0.0,0.0,0.0,0.0,0.0,0.0,0.0,0.0,4366.88,4370.51
0.0,0.0,0.0,0.0,0.0,0.0,0.052343796247371004,0.947656203752629,0.0,0.0,0.0,0.0,0.0,0.0,0.0,0.0,0.0,0.0,0.0,0.0,4370.51,4373.81
0.0,0.0,0.0,0.0,0.0,0.0,0.033914651839945145,0.9660853481600549,0.0,0.0,0.0,0.0,0.0,0.0,0.0,0.0,0.0,0.0,0.0,0.0,4373.81,4425.35
0.0,0.0,0.0,0.0,0.0,0.0,0.0,0.7460849237312556,0.2539150762687445,0.0,0.0,0.0,0.0,0.0,0.0,0.0,0.0,0.0,0.0,0.0,4425.35,4535.585
0.0,0.0,0.0,0.0,0.0,0.0,0.0,0.13046773168505202,0.869532268314948,0.0,0.0,0.0,0.0,0.0,0.0,0.0,0.0,0.0,0.0,0.0,4535.585,4471.845
0.0,0.0,0.0,0.0,0.0,0.0,0.0,0.4864294482090688,0.5135705517909311,0.0,0.0,0.0,0.0,0.0,0.0,0.0,0.0,0.0,0.0,0.0,4471.845,4486.27
0.0,0.0,0.0,0.0,0.0,0.0,0.0,0.40587174879176374,0.5941282512082362,0.0,0.0,0.0,0.0,0.0,0.0,0.0,0.0,0.0,0.0,0.0,4486.27,4448.745
0.0,0.0,0.0,0.0,0.0,0.0,0.0,0.6154334590610447,0.38456654093895526,0.0,0.0,0.0,0.0,0.0,0.0,0.0,0.0,0.0,0.0,0.0,4448.745,4460.68
0.0,0.0,0.0,0.0,0.0,0.0,0.0,0.5487813867875226,0.4512186132124773,0.0,0.0,0.0,0.0,0.0,0.0,0.0,0.0,0.0,0.0,0.0,4460.68,4363.25
0.0,0.0,0.0,0.0,0.0,0.0,0.09288791394370688,0.9071120860562931,0.0,0.0,0.0,0.0,0.0,0.0,0.0,0.0,0.0,0.0,0.0,0.0,4363.25,4275.255
0.0,0.0,0.0,0.0,0.0,0.0,0.5843038418622969,0.4156961581377031,0.0,0.0,0.0,0.0,0.0,0.0,0.0,0.0,0.0,0.0,0.0,0.0,4275.255,4260.34
0.0,0.0,0.0,0.0,0.0,0.0,0.6675979899946426,0.33240201000535735,0.0,0.0,0.0,0.0,0.0,0.0,0.0,0.0,0.0,0.0,0.0,0.0,4260.34,4237.12
0.0,0.0,0.0,0.0,0.0,0.0,0.7972721515523425,0.2027278484476575,0.0,0.0,0.0,0.0,0.0,0.0,0.0,0.0,0.0,0.0,0.0,0.0,4237.12,3927.8
0.0,0.0,0.0,0.0,0.5246972873416296,0.4753027126583705,0.0,0.0,0.0,0.0,0.0,0.0,0.0,0.0,0.0,0.0,0.0,0.0,0.0,0.0,3927.8,3840.175
0.0,0.0,0.0,0.01404691725090285,0.9859530827490971,0.0,0.0,0.0,0.0,0.0,0.0,0.0,0.0,0.0,0.0,0.0,0.0,0.0,0.0,0.0,3840.175,3722.415
0.0,0.0,0.0,0.6716881431352524,0.32831185686474756,0.0,0.0,0.0,0.0,0.0,0.0,0.0,0.0,0.0,0.0,0.0,0.0,0.0,0.0,0.0,3722.415,3709.51
0.0,0.0,0.0,0.7437572669467108,0.2562427330532891,0.0,0.0,0.0,0.0,0.0,0.0,0.0,0.0,0.0,0.0,0.0,0.0,0.0,0.0,0.0,3709.51,3597.83
0.0,0.0,0.36744419040768417,0.6325558095923158,0.0,0.0,0.0,0.0,0.0,0.0,0.0,0.0,0.0,0.0,0.0,0.0,0.0,0.0,0.0,0.0,3597.83,3504.82
0.0,0.0,0.8868668332363449,0.1131331667636551,0.0,0.0,0.0,0.0,0.0,0.0,0.0,0.0,0.0,0.0,0.0,0.0,0.0,0.0,0.0,0.0,3504.82,3561.375
0.0,0.0,0.5710303902175846,0.4289696097824154,0.0,0.0,0.0,0.0,0.0,0.0,0.0,0.0,0.0,0.0,0.0,0.0,0.0,0.0,0.0,0.0,3561.375,3518.605
0.0,0.0,0.8098832709162392,0.1901167290837608,0.0,0.0,0.0,0.0,0.0,0.0,0.0,0.0,0.0,0.0,0.0,0.0,0.0,0.0,0.0,0.0,3518.605,3574.225
0.0,0.0,0.4992684188129156,0.5007315811870844,0.0,0.0,0.0,0.0,0.0,0.0,0.0,0.0,0.0,0.0,0.0,0.0,0.0,0.0,0.0,0.0,3574.225,3616.645
0.0,0.0,0.2623701443392904,0.7376298556607096,0.0,0.0,0.0,0.0,0.0,0.0,0.0,0.0,0.0,0.0,0.0,0.0,0.0,0.0,0.0,0.0,3616.645,3553.875
0.0,0.0,0.6129148093253683,0.38708519067463165,0.0,0.0,0.0,0.0,0.0,0.0,0.0,0.0,0.0,0.0,0.0,0.0,0.0,0.0,0.0,0.0,3553.875,3473.815
0.0,0.06001702182792347,0.9399829781720765,0.0,0.0,0.0,0.0,0.0,0.0,0.0,0.0,0.0,0.0,0.0,0.0,0.0,0.0,0.0,0.0,0.0,3473.815,3550.74
0.0,0.0,0.6304224965124231,0.36957750348757684,0.0,0.0,0.0,0.0,0.0,0.0,0.0,0.0,0.0,0.0,0.0,0.0,0.0,0.0,0.0,0.0,3550.74,3526.79
0.0,0.0,0.7641734081966115,0.23582659180338847,0.0,0.0,0.0,0.0,0.0,0.0,0.0,0.0,0.0,0.0,0.0,0.0,0.0,0.0,0.0,0.0,3526.79,3532.06
0.0,0.0,0.7347426230368755,0.2652573769631244,0.0,0.0,0.0,0.0,0.0,0.0,0.0,0.0,0.0,0.0,0.0,0.0,0.0,0.0,0.0,0.0,3532.06,3577.065
0.0,0.0,0.4834081854441007,0.5165918145558993,0.0,0.0,0.0,0.0,0.0,0.0,0.0,0.0,0.0,0.0,0.0,0.0,0.0,0.0,0.0,0.0,3577.065,3763.515
0.0,0.0,0.0,0.44216152642459805,0.557838473575402,0.0,0.0,0.0,0.0,0.0,0.0,0.0,0.0,0.0,0.0,0.0,0.0,0.0,0.0,0.0,3763.515,3834.125
0.0,0.0,0.0,0.04783368199784941,0.9521663180021506,0.0,0.0,0.0,0.0,0.0,0.0,0.0,0.0,0.0,0.0,0.0,0.0,0.0,0.0,0.0,3834.125,3731.275
0.0,0.0,0.0,0.6222086826959232,0.3777913173040768,0.0,0.0,0.0,0.0,0.0,0.0,0.0,0.0,0.0,0.0,0.0,0.0,0.0,0.0,0.0,3731.275,3747.34
0.0,0.0,0.0,0.5324922569670502,0.4675077430329499,0.0,0.0,0.0,0.0,0.0,0.0,0.0,0.0,0.0,0.0,0.0,0.0,0.0,0.0,0.0,3747.34,3836.505
0.0,0.0,0.0,0.034542359667645434,0.9654576403323546,0.0,0.0,0.0,0.0,0.0,0.0,0.0,0.0,0.0,0.0,0.0,0.0,0.0,0.0,0.0,3836.505,3784.89
0.0,0.0,0.0,0.32279093196741443,0.6772090680325856,0.0,0.0,0.0,0.0,0.0,0.0,0.0,0.0,0.0,0.0,0.0,0.0,0.0,0.0,0.0,3784.89,3809.835
0.0,0.0,0.0,0.1834833540149248,0.8165166459850752,0.0,0.0,0.0,0.0,0.0,0.0,0.0,0.0,0.0,0.0,0.0,0.0,0.0,0.0,0.0,3809.835,3893.005
0.0,0.0,0.0,0.0,0.7190130690556746,0.28098693094432536,0.0,0.0,0.0,0.0,0.0,0.0,0.0,0.0,0.0,0.0,0.0,0.0,0.0,0.0,3893.005,3914.03
0.0,0.0,0.0,0.0,0.6015970808235204,0.39840291917647963,0.0,0.0,0.0,0.0,0.0,0.0,0.0,0.0,0.0,0.0,0.0,0.0,0.0,0.0,3914.03,3935.645
0.0,0.0,0.0,0.0,0.4808861849548889,0.5191138150451111,0.0,0.0,0.0,0.0,0.0,0.0,0.0,0.0,0.0,0.0,0.0,0.0,0.0,0.0,3935.645,4013.425
0.0,0.0,0.0,0.0,0.04651683586109856,0.9534831641389014,0.0,0.0,0.0,0.0,0.0,0.0,0.0,0.0,0.0,0.0,0.0,0.0,0.0,0.0,4013.425,4067.63
0.0,0.0,0.0,0.0,0.0,0.7438041774961099,0.25619582250389,0.0,0.0,0.0,0.0,0.0,0.0,0.0,0.0,0.0,0.0,0.0,0.0,0.0,4067.63,4059.435
0.0,0.0,0.0,0.0,0.0,0.7895698861078826,0.2104301138921174,0.0,0.0,0.0,0.0,0.0,0.0,0.0,0.0,0.0,0.0,0.0,0.0,0.0,4059.435,3941.46
0.0,0.0,0.0,0.0,0.44841179867332026,0.5515882013266797,0.0,0.0,0.0,0.0,0.0,0.0,0.0,0.0,0.0,0.0,0.0,0.0,0.0,0.0,3941.46,3908.32
0.0,0.0,0.0,0.0,0.63348508523758,0.36651491476242004,0.0,0.0,0.0,0.0,0.0,0.0,0.0,0.0,0.0,0.0,0.0,0.0,0.0,0.0,3908.32,3935.58
0.0,0.0,0.0,0.0,0.4812491832538233,0.5187508167461767,0.0,0.0,0.0,0.0,0.0,0.0,0.0,0.0,0.0,0.0,0.0,0.0,0.0,0.0,3935.58,4009.46
0.0,0.0,0.0,0.0,0.06865973209608105,0.931340267903919,0.0,0.0,0.0,0.0,0.0,0.0,0.0,0.0,0.0,0.0,0.0,0.0,0.0,0.0,4009.46,4032.595
0.0,0.0,0.0,0.0,0.0,0.9394602606216055,0.06053973937839453,0.0,0.0,0.0,0.0,0.0,0.0,0.0,0.0,0.0,0.0,0.0,0.0,0.0,4032.595,4120.56
0.0,0.0,0.0,0.0,0.0,0.4482118703794426,0.5517881296205573,0.0,0.0,0.0,0.0,0.0,0.0,0.0,0.0,0.0,0.0,0.0,0.0,0.0,4120.56,4145.145
0.0,0.0,0.0,0.0,0.0,0.3109147445441273,0.6890852554558726,0.0,0.0,0.0,0.0,0.0,0.0,0.0,0.0,0.0,0.0,0.0,0.0,0.0,4145.145,4160.29
0.0,0.0,0.0,0.0,0.0,0.22633614089247867,0.7736638591075213,0.0,0.0,0.0,0.0,0.0,0.0,0.0,0.0,0.0,0.0,0.0,0.0,0.0,4160.29,4115.635
0.0,0.0,0.0,0.0,0.0,0.4757159722602216,0.5242840277397783,0.0,0.0,0.0,0.0,0.0,0.0,0.0,0.0,0.0,0.0,0.0,0.0,0.0,4115.635,4134.895
0.0,0.0,0.0,0.0,0.0,0.36815678399143176,0.6318432160085682,0.0,0.0,0.0,0.0,0.0,0.0,0.0,0.0,0.0,0.0,0.0,0.0,0.0,4134.895,4164.215
0.0,0.0,0.0,0.0,0.0,0.20441662822607085,0.7955833717739291,0.0,0.0,0.0,0.0,0.0,0.0,0.0,0.0,0.0,0.0,0.0,0.0,0.0,4164.215,4248.535
0.0,0.0,0.0,0.0,0.0,0.0,0.7335240656702958,0.2664759343297041,0.0,0.0,0.0,0.0,0.0,0.0,0.0,0.0,0.0,0.0,0.0,0.0,4248.535,4344.46
0.0,0.0,0.0,0.0,0.0,0.0,0.19782234528174086,0.8021776547182592,0.0,0.0,0.0,0.0,0.0,0.0,0.0,0.0,0.0,0.0,0.0,0.0,4344.46,4443.42
0.0,0.0,0.0,0.0,0.0,0.0,0.0,0.6451713966275702,0.3548286033724298,0.0,0.0,0.0,0.0,0.0,0.0,0.0,0.0,0.0,0.0,0.0,4443.42,4496.72
0.0,0.0,0.0,0.0,0.0,0.0,0.0,0.3475127915015861,0.6524872084984139,0.0,0.0,0.0,0.0,0.0,0.0,0.0,0.0,0.0,0.0,0.0,4496.72,4529.305
0.0,0.0,0.0,0.0,0.0,0.0,0.0,0.1655389519513015,0.8344610480486985,0.0,0.0,0.0,0.0,0.0,0.0,0.0,0.0,0.0,0.0,0.0,4529.305,4467.415
0.0,0.0,0.0,0.0,0.0,0.0,0.0,0.5111691784287347,0.4888308215712653,0.0,0.0,0.0,0.0,0.0,0.0,0.0,0.0,0.0,0.0,0.0,4467.415,4497.84
0.0,0.0,0.0,0.0,0.0,0.0,0.0,0.34125805158149103,0.658741948418509,0.0,0.0,0.0,0.0,0.0,0.0,0.0,0.0,0.0,0.0,0.0,4497.84,4487.795
0.0,0.0,0.0,0.0,0.0,0.0,0.0,0.39735525023984974,0.6026447497601503,0.0,0.0,0.0,0.0,0.0,0.0,0.0,0.0,0.0,0.0,0.0,4487.795,4591.445
0.0,0.0,0.0,0.0,0.0,0.0,0.0,0.0,0.8185125781702806,0.18148742182971941,0.0,0.0,0.0,0.0,0.0,0.0,0.0,0.0,0.0,0.0,4591.445,4622.59
0.0,0.0,0.0,0.0,0.0,0.0,0.0,0.0,0.6445805470886882,0.3554194529113118,0.0,0.0,0.0,0.0,0.0,0.0,0.0,0.0,0.0,0.0,4622.59,4531.795
0.0,0.0,0.0,0.0,0.0,0.0,0.0,0.1516333248075185,0.8483666751924814,0.0,0.0,0.0,0.0,0.0,0.0,0.0,0.0,0.0,0.0,0.0,4531.795,4421.025
0.0,0.0,0.0,0.0,0.0,0.0,0.0,0.7702382720834149,0.22976172791658514,0.0,0.0,0.0,0.0,0.0,0.0,0.0,0.0,0.0,0.0,0.0,4421.025,4474.53
0.0,0.0,0.0,0.0,0.0,0.0,0.0,0.4714348261684851,0.5285651738315149,0.0,0.0,0.0,0.0,0.0,0.0,0.0,0.0,0.0,0.0,0.0,4474.53,4589.95
0.0,0.0,0.0,0.0,0.0,0.0,0.0,0.0,0.8268615390457649,0.17313846095423516,0.0,0.0,0.0,0.0,0.0,0.0,0.0,0.0,0.0,0.0,4589.95,4685.52
0.0,0.0,0.0,0.0,0.0,0.0,0.0,0.0,0.29314234782830917,0.7068576521716908,0.0,0.0,0.0,0.0,0.0,0.0,0.0,0.0,0.0,0.0,4685.52,4911.44
0.0,0.0,0.0,0.0,0.0,0.0,0.0,0.0,0.0,0.03147195251758033,0.9685280474824197,0.0,0.0,0.0,0.0,0.0,0.0,0.0,0.0,0.0,4911.44,5149.455
0.0,0.0,0.0,0.0,0.0,0.0,0.0,0.0,0.0,0.0,0.0,0.7022559506590257,0.29774404934097426,0.0,0.0,0.0,0.0,0.0,0.0,0.0,5149.455,5257.705
0.0,0.0,0.0,0.0,0.0,0.0,0.0,0.0,0.0,0.0,0.0,0.09772416820334714,0.9022758317966528,0.0,0.0,0.0,0.0,0.0,0.0,0.0,5257.705,5370.235
0.0,0.0,0.0,0.0,0.0,0.0,0.0,0.0,0.0,0.0,0.0,0.0,0.4692903439101614,0.5307096560898386,0.0,0.0,0.0,0.0,0.0,0.0,5370.235,5256.685
0.0,0.0,0.0,0.0,0.0,0.0,0.0,0.0,0.0,0.0,0.0,0.10342044920200309,0.8965795507979969,0.0,0.0,0.0,0.0,0.0,0.0,0.0,5256.685,5443.81
0.0,0.0,0.0,0.0,0.0,0.0,0.0,0.0,0.0,0.0,0.0,0.0,0.0584041924627989,0.9415958075372011,0.0,0.0,0.0,0.0,0.0,0.0,5443.81,5500.825
0.0,0.0,0.0,0.0,0.0,0.0,0.0,0.0,0.0,0.0,0.0,0.0,0.0,0.7399988384054302,0.2600011615945698,0.0,0.0,0.0,0.0,0.0,5500.825,5390.125
0.0,0.0,0.0,0.0,0.0,0.0,0.0,0.0,0.0,0.0,0.0,0.0,0.3582128644363171,0.6417871355636829,0.0,0.0,0.0,0.0,0.0,0.0,5390.125,5474.86
0.0,0.0,0.0,0.0,0.0,0.0,0.0,0.0,0.0,0.0,0.0,0.0,0.0,0.8850026973565783,0.1149973026434217,0.0,0.0,0.0,0.0,0.0,5474.86,5448.915
0.0,0.0,0.0,0.0,0.0,0.0,0.0,0.0,0.0,0.0,0.0,0.0,0.02989486452343654,0.9701051354765634,0.0,0.0,0.0,0.0,0.0,0.0,5448.915,5307.315
0.0,0.0,0.0,0.0,0.0,0.0,0.0,0.0,0.0,0.0,0.0,0.0,0.8206726972783955,0.1793273027216045,0.0,0.0,0.0,0.0,0.0,0.0,5307.315,5225.965
0.0,0.0,0.0,0.0,0.0,0.0,0.0,0.0,0.0,0.0,0.0,0.2749790298674867,0.7250209701325133,0.0,0.0,0.0,0.0,0.0,0.0,0.0,5225.965,5177.315
0.0,0.0,0.0,0.0,0.0,0.0,0.0,0.0,0.0,0.0,0.0,0.5466692951466469,0.4533307048533531,0.0,0.0,0.0,0.0,0.0,0.0,0.0,5177.315,5154.26
0.0,0.0,0.0,0.0,0.0,0.0,0.0,0.0,0.0,0.0,0.0,0.6754219994839706,0.32457800051602936,0.0,0.0,0.0,0.0,0.0,0.0,0.0,5154.26,5289.27
0.0,0.0,0.0,0.0,0.0,0.0,0.0,0.0,0.0,0.0,0.0,0.0,0.9214466096517185,0.07855339034828152,0.0,0.0,0.0,0.0,0.0,0.0,5289.27,5414.885
0.0,0.0,0.0,0.0,0.0,0.0,0.0,0.0,0.0,0.0,0.0,0.0,0.21993843548848585,0.7800615645115141,0.0,0.0,0.0,0.0,0.0,0.0,5414.885,5399.365
0.0,0.0,0.0,0.0,0.0,0.0,0.0,0.0,0.0,0.0,0.0,0.0,0.30661126009552875,0.6933887399044713,0.0,0.0,0.0,0.0,0.0,0.0,5399.365,5357.765
0.0,0.0,0.0,0.0,0.0,0.0,0.0,0.0,0.0,0.0,0.0,0.0,0.5389301714133662,0.4610698285866338,0.0,0.0,0.0,0.0,0.0,0.0,5357.765,5530.675
